,Store,Address,Tel
0,삼성봉은사거리점34m,"서울시 강남구 영동대로 607 1,2층",02-3443-5618
1,삼성봉은사거리점34m,"서울시 강남구 영동대로 607 1,2층",02-3443-5618
2,삼성봉은사거리점34m,"서울시 강남구 영동대로 607 1,2층",02-3443-5618
3,삼성봉은사거리점34m,"서울시 강남구 영동대로 607 1,2층",02-3443-5618
4,삼성봉은사거리점34m,"서울시 강남구 영동대로 607 1,2층",02-3443-5618
5,삼성봉은사거리점34m,"서울시 강남구 영동대로 607 1,2층",02-3443-5618
6,삼성봉은사거리점34m,"서울시 강남구 영동대로 607 1,2층",02-3443-5618
7,삼성봉은사거리점34m,"서울시 강남구 영동대로 607 1,2층",02-3443-5618
8,삼성봉은사거리점34m,"서울시 강남구 영동대로 607 1,2층",02-3443-5618
9,삼성봉은사거리점34m,"서울시 강남구 영동대로 607 1,2층",02-3443-5618
10,삼성봉은사거리점34m,"서울시 강남구 영동대로 607 1,2층",02-3443-5618
11,삼성봉은사거리점34m,"서울시 강남구 영동대로 607 1,2층",02-3443-5618
12,삼성봉은사거리점34m,"서울시 강남구 영동대로 607 1,2층",02-3443-5618
13,삼성봉은사거리점34m,"서울시 강남구 영동대로 607 1,2층",02-3443-5618
14,삼성봉은사거리점34m,"서울시 강남구 영동대로 607 1,2층",02-3443-5618
15,삼성봉은사거리점34m,"서울시 강남구 영동대로 607 1,2층",02-3443-5618
16,삼성봉은사거리점34m,"서울시 강남구 영동대로 607 1,2층",02-3443-5618
17,삼성봉은사거리점34m,"서울시 강남구 영동대로 607 1,2층",02-3443-5618
18,삼성봉은사거리점34m,"서울시 강남구 영동대로 607 1,2층",02-3443-5618
19,삼성봉은사거리점34m,"서울시 강남구 영동대로 607 1,2층",02-3443-5618
20,삼성봉은사거리점34m,"서울시 강남구 영동대로 607 1,2층",02-3443-5618
21,삼성봉은사거리점34m,"서울시 강남구 영동대로 607 1,2층",02-3443-5618
22,삼성봉은사거리점34m,"서울시 강남구 영동대로 607 1,2층",02-3443-5618
23,삼성봉은사거리점34m,"서울시 강남구 영동대로 607 1,2층",02-3443-5618
24,삼성봉은사거리점34m,"서울시 강남구 영동대로 607 1,2층",02-3443-5618
25,삼성봉은사거리점34m,"서울시 강남구 영동대로 607 1,2층",02-3443-5618
26,삼성봉은사거리점34m,"서울시 강남구 영동대로 607 1,2층",02-3443-5618
27,삼성봉은사거리점34m,"서울시 강남구 영동대로 607 1,2층",02-3443-5618
28,삼성봉은사거리점34m,"서울시 강남구 영동대로 607 1,2층",02-3443-5618
29,삼성봉은사거리점34m,"서울시 강남구 영동대로 607 1,2층",02-3443-5618
30,삼성봉은사거리점34m,"서울시 강남구 영동대로 607 1,2층",02-3443-5618
31,삼성봉은사거리점34m,"서울시 강남구 영동대로 607 1,2층",02-3443-5618
32,삼성봉은사거리점34m,"서울시 강남구 영동대로 607 1,2층",02-3443-5618
33,삼성봉은사거리점34m,"서울시 강남구 영동대로 607 1,2층",02-3443-5618
34,삼성봉은사거리점34m,"서울시 강남구 영동대로 607 1,2층",02-3443-5618
35,삼성봉은사거리점34m,"서울시 강남구 영동대로 607 1,2층",02-3443-5618
36,삼성봉은사거리점34m,"서울시 강남구 영동대로 607 1,2층",02-3443-5618
37,삼성봉은사거리점34m,"서울시 강남구 영동대로 607 1,2층",02-3443-5618
38,삼성봉은사거리점34m,"서울시 강남구 영동대로 607 1,2층",02-3443-5618
39,삼성봉은사거리점34m,"서울시 강남구 영동대로 607 1,2층",02-3443-5618
40,삼성봉은사거리점34m,"서울시 강남구 영동대로 607 1,2층",02-3443-5618
41,삼성봉은사거리점34m,"서울시 강남구 영동대로 607 1,2층",02-3443-5618
